month,price,cpi,rate,price_index,real_price_index,payment,price_only,real_payment
2019-01-01,204.165,252.561,4.464,100,100,1210.916445517676,1210.916445517676,1210.916445517676
2019-02-01,204.389,253.319,4.37,100.10971518134843,99.81015942711184,1198.890858748095,1212.2450046918536,1195.3034481277664
2019-03-01,205.735,254.277,4.265,100.76898586927241,100.08894174514135,1191.8595225627362,1220.2282218724026,1183.8162038956225
2019-04-01,207.649,255.233,4.1425,101.70646290990132,100.64171160855997,1185.4913743972068,1231.5802855303305,1173.0806244064559
2019-05-01,209.312,255.296,4.072,102.52100017142998,101.42268709379124,1184.9184398730051,1241.4436511850504,1172.2243438705113
2019-06-01,210.548,255.213,3.8024999999999998,103.12639286851321,102.05477350003552,1153.6122858824212,1248.7744509139943,1141.6247312431192
2019-07-01,211.298,255.802,3.765,103.49374280606372,102.18248167270883,1152.4247496967057,1253.2227517203924,1137.8235792063772
2019-08-01,211.656,256.036,3.616,103.66909117625451,102.26206211847558,1133.422202150431,1255.3460739719796,1118.039044498879
2019-09-01,211.834,256.43,3.605,103.75627556143317,102.19080728491645,1132.8351440841907,1256.4018040300316,1115.7429974068841
2019-10-01,211.926,257.155,3.6879999999999997,103.80133715377268,101.94695616610208,1144.9815405582106,1256.9474622622831,1124.5267751547597
2019-11-01,212.063,257.879,3.6950000000000003,103.86843974236524,101.72645701965459,1146.7081445946521,1257.7600185429185,1123.0606435846653
2019-12-01,212.194,258.63,3.72,103.93260353145739,101.49372571050695,1150.945312592313,1258.5369884171025,1123.9372814198941
2020-01-01,212.355,259.127,3.624,104.01146131805157,101.37592254743204,1138.2890002914562,1259.4918903235427,1109.445979008789
2020-02-01,213.175,259.25,3.4650000000000003,104.41309724977347,101.71909837801364,1120.3773446199657,1264.355365871871,1091.470096565335
2020-03-01,215.151,258.076,3.45,105.38094188523989,103.1289855061225,1128.6508666881607,1276.0751557297947,1104.5319655513435
2020-04-01,217.196,256.032,3.306,106.38258271496093,104.940364771096,1119.0231994641713,1288.2041892619065,1103.8527148163923
2020-05-01,218.444,255.802,3.2325,106.99385301104498,105.63824563655692,1115.0807805492188,1295.6061618037531,1100.9527564924874
2020-06-01,219.769,257.042,3.1625,107.64283790071757,105.76630582956534,1111.9552232537374,1303.4648265617227,1092.5705648889566
2020-07-01,221.525,258.352,3.016,108.5029265545025,106.07081669014255,1100.1348946087548,1313.8797815164362,1075.4752009556023
2020-08-01,224.003,259.316,2.935,109.71665074816937,106.85860891579544,1100.957949819458,1328.5769673807754,1072.278767080906
2020-09-01,226.751,259.997,2.89,111.06262091935446,107.88619330997312,1108.035402192488,1344.8755415354176,1076.3452240338809
2020-10-01,229.758,260.319,2.834,112.53544926897362,109.18167941188021,1114.6524390106556,1362.710262235203,1081.4336819401203
2020-11-01,232.259,260.911,2.765,113.76043886072539,110.11973507864239,1116.771144257884,1377.5438626576051,1081.030837967412
2020-12-01,234.308,262.045,2.684,114.76403889011338,110.61046929392252,1114.8281665024433,1389.6966204606845,1074.4800189281368
2021-01-01,236.383,262.687,2.735,115.78037371733647,111.31729764481766,1132.1850419457617,1402.0035860250525,1088.5418249813029
2021-02-01,239.166,263.579,2.81,117.14348688560723,112.24671233791707,1156.701754707923,1418.50974755066,1108.3498756379975
2021-03-01,244.166,264.961,3.0825,119.5924864692773,113.9956370000383,1222.9043897168629,1448.1650862599804,1165.6732710522704
2021-04-01,249.776,266.614,3.06,122.34026400215514,115.89181144519156,1247.4210741288796,1481.4383762918378,1181.6705570715114
2021-05-01,255.399,268.383,2.9625,125.09440893395049,117.719710319832,1259.703488656705,1514.7887702043395,1185.4401090927001
2021-06-01,261.111,270.654,2.975,127.89214605833517,119.34266000369175,1289.9414270617103,1548.667029145867,1203.709890709661
2021-07-01,265.432,271.903,2.868,130.00857149854286,120.76032565379376,1293.3827061361574,1574.2951728584615,1201.3770706628982
2021-08-01,268.698,272.676,2.8425000000000002,131.60825802659613,121.89966574049474,1304.9979869994106,1593.6660401033896,1208.729762041977
2021-09-01,271.351,273.91,2.9,132.90769720569148,122.54865070266382,1327.684036038956,1609.4011628225549,1224.2021387537322
2021-10-01,273.563,276.55,3.0675,133.99113462150711,122.36823341581072,1367.5237805624977,1622.5206846675585,1248.8995608123123
2021-11-01,275.934,278.919,3.0675,135.15245022408348,122.38046881368695,1379.3762565322513,1636.5832462835183,1249.0244362199849
2021-12-01,278.508,280.845,3.098,136.41319520975682,122.67497372348232,1397.6604957283155,1651.849814651076,1256.9016092920974
2022-01-01,281.88,282.543,3.4450000000000003,138.0648005289839,123.41407887082924,1477.77991171847,1671.8493750766413,1320.9655602281016
2022-02-01,287.095,284.5,3.7625,140.61910709475183,124.83269703675788,1565.3443655103197,1702.7798933504625,1389.6131398862983
2022-03-01,294.886,287.674,4.172,144.43513824602653,126.80563050729195,1689.4901288197439,1748.9888421273254,1483.2738322714022
2022-04-01,301.501,288.561,4.9825,147.675164695222,129.25165656686096,1898.8165067624282,1788.2228552397564,1661.9258866043078
2022-05-01,306.262,291.298,5.2299999999999995,150.00710209879264,130.05905880978642,1983.5700583109835,1816.4606687587711,1719.7936048207687
2022-06-01,308.055,294.957,5.522,150.88531334949673,129.19763092539674,2061.105746148962,1827.0950732199335,1764.8502268233271
2022-07-01,306.888,294.913,5.4125,150.31371684666814,128.7273963525221,2028.5545101260407,1820.173517165178,1737.2369330342947
2022-08-01,303.462,295.097,5.2225,148.6356623319374,127.21095610669185,1963.7802287552727,1799.853679081552,1680.7161657172403
2022-09-01,300.292,296.349,6.112,147.08299659589056,125.35027519328467,2141.8935997987896,1781.0521943398426,1825.4112194027387
2022-10-01,298.506,298.007,6.9,146.20821394460364,123.91149443490602,2311.0259781436057,1770.4593073528736,1958.5950399350593
2022-11-01,296.69,298.786,6.805,145.31873729581466,122.83656399619876,2274.8483890077378,1759.6884883336486,1922.9079808832516
2022-12-01,294.181,298.832,6.364,144.08982930472902,121.7790309572993,2154.9520283808656,1744.8074393693114,1821.2803154946585
2023-01-01,292.671,300.42,6.2725,143.35023143046067,120.51354037783294,2123.3539941617573,1735.8515270790967,1785.0889026013167
2023-02-01,293.462,301.45,6.2575,143.73766316459725,120.4263657207293,2125.7250435297888,1740.5430016629114,1780.9760912885286
2023-03-01,297.383,301.821,6.5440000000000005,145.65816863811133,121.88539806511154,2219.7062434286963,1763.7987182787601,1857.4294981018381
2023-04-01,301.496,302.845,6.342499999999999,147.67271569563832,123.15332512937677,2203.557387061895,1788.193199901047,1837.6815111153867
2023-05-01,305.359,303.334,6.425,149.56481277398183,124.53018349083725,2251.1672360722923,1811.1049145878678,1874.3597760542973
2023-06-01,308.309,304.014,6.714,151.0097225283472,125.45200724796192,2342.0046139255683,1828.6015644263668,1945.6308831095128
2023-07-01,310.223,304.609,6.84,151.9471995689761,125.98425086041506,2387.121583350253,1839.9536280842947,1979.2383488751916
2023-08-01,311.583,306.082,7.072,152.61332745573435,125.92760958026844,2454.5533851802093,1848.01988021323,2025.354178012751
2023-09-01,312.44,307.276,7.2,153.0330859843754,125.78329979985367,2493.0493061907523,1853.1028052680072,2049.1253004492464
2023-10-01,312.792,307.696,7.62,153.20549555506574,125.75312374188469,2601.244802153837,1855.1905411131436,2135.1365909104284
2023-11-01,312.033,308.148,7.442,152.83373741826466,125.2639691190413,2550.1736515390817,1850.6888606970688,2090.1463180236833
2023-12-01,310.85,308.741,6.815,152.2543041167683,124.54937731637563,2385.8541886500407,1843.6724075584434,1951.7126644651762
2024-01-01,310.713,309.698,6.6425,152.18720152817576,124.10978374144361,2342.959150206378,1842.859851277808,1910.7004434490152
2024-02-01,312.625,310.967,6.776,153.12369896897118,124.36391814984334,2389.9325816714218,1854.2000528002523,1941.0540757042259
2024-03-01,316.808,312.345,6.82,155.17253202066956,125.47192962804694,2432.8246325301384,1879.0097091644695,1967.1729082150962
2024-04-01,320.748,313.023,6.9925,157.10234369260158,126.75721919905932,2506.5950683886667,1902.3781160674137,2022.433358147197
2024-05-01,323.696,313.175,7.06,158.54627384713345,127.86015955649674,2546.9010739502346,1919.862903770429,2053.9566764203564
2024-06-01,325.256,313.044,6.9175,159.31036171723852,128.53012440956377,2522.6008494176467,1929.1153694477368,2035.2110027017618
2024-07-01,325.566,313.569,6.8475,159.46219969142606,128.4372263082966,2507.09920358933,1930.9540004477149,2019.3178597301544
2024-08-01,325.003,314.062,6.5,159.1864423383048,128.0138541542899,2414.799839415581,1927.6148093090458,1941.9231306004501
2024-09-01,324.621,314.732,6.18,158.99933877011242,127.59119504568446,2332.2217350944397,1925.3491414316534,1871.523244020903
2024-10-01,323.937,315.631,6.428,158.66431562706634,126.9597036383863,2388.876815479255,1921.2922910962184,1911.5268062840983
2024-11-01,323.654,316.528,6.805,158.52570225063064,126.48931496146163,2481.592842683981,1919.6137989252709,1980.088870308816
2024-12-01,323.275,317.604,6.715,158.34006808218842,125.91316839493707,2455.9429202124575,1917.3659242511044,1952.9835892236197
